usuario,comentario,score,fecha
[deleted],"Judging by the fact she was jumping back i think she was guessing a pot buster was coming and jumping is really the only way to be safe from that because prc will grantee you land the pot buster if they backdash

Not that what you did was unbeatable by any means, but i think ino's actions were fairly reasonable as well",101,2025-06-19 07:14:49
Solusai,"thats... not the issue

the issue is I hfb'd 4 times right in their face

that shit is minus as fuck

2k 2d would have worked here and i-no would have instantly put me in her unblockableass blender

instead they hold upback and dont even FD 

comedy gold",16,2025-06-19 07:20:56
pinyata_pie,Yeah but if they mistime the 2k just a lil they hit the armor on it and die,59,2025-06-19 07:44:14
Solusai,"there is no mistiming it this shit is that minus, by the time you react to the hfb the armor window is already far gone",-40,2025-06-19 07:45:36
[deleted],"I gotta disagree. While Hammer Fall is super minus, people dont react optimally. If you're prepared to hit someone after blocking hammer fall, then it's entirely reasonable that you'd miss your window if they canceled it",37,2025-06-19 11:02:32
Solusai,"both of which are extremely reactable by the way

hfb has 21 frames of recovery, hammerfall is minus 17 with a colossal soundcue, both of which have extremely distinct animations

this isnt optimal reactions this is essentially the same as reacting to when someone does tapdust in a combo except you have way more time to react to punish the pot, and people universally agree tapdust is REACTABLE, now imagine it was longer and had a more distinct animation to it apart from the orange glow, average human reaction time is 15 frames thats more than enough to decide what you're going to do, it certainly is for a larger chunk of the playerbase who labs",-21,2025-06-19 11:18:13
[deleted],"Mabey, you're a god gamer who doesn't make mistakes, but my ass is getting hit by tap dust pretty much every time. Hell, I get hit with charged dust. Because our reactions are slowed down by many, many times when we're not actively prepared to react to something

If you're not prepared for something, you dont just react a little bit slower. You react several times slower, and that's not something you can lab so much as it's something you need to acclimate to through experience in a given matchup and in specific having experience with options bieng used at random. Everyone knows that hammer fall and hammer fall cancle is negative i would be extremely shocked if this ino didn't it's one of the first things you figure out while fighting potemkin. that doesn't mean you're capable of actual using the correct option on reaction when the options are bieng switched up.",30,2025-06-19 11:31:20
Deus_Artifex,"He's not a god gamer, there is a reason he plays pot",27,2025-06-19 15:00:05
Solusai,"Im not a god gamer who doesnt make mistakes I get hit by tap dust here and there especially when the mental stack is heavy, often against happy chaos, Im even guilty of eating charged dust whenever it pops up because I simply dont expect it, but thats the thing

pot's strings are so committal and short that if you know he's going to try and reset with hammerfall, you pretty much have him dead to rights with any punish you want

the first time he does it? ok, maybe it'd take a really good player to call it out and mash but anyone who's practiced counterplay against this guy should have this down really easily

the second time? average celestial player should be able to call it out, thats where alot of the playerbase who are worth using as data stand

the third time? someone whos monitor is turned on should be able to punish this

the only time he could POSSIBLY catch you lacking is if you're mashing shit in the middle of his blockstring expecting HF only for him to do flick, if a pot is regularly making you eat his nuts with hfb pressure resets then thats (no offense) a skill issue which can be mitigated by just chucking yourself at lab and practicing defense against his most common blockstrings, there IS no ""cant lab this cant punish this"" all of pots shit is SLOW and hefty in recovery specifically because he's made to capitalize on mistakes, thats why if he guesses wrong, the enemy has room to breathe and take their turn back, the only feasible switch-up that could be done here is either an HFB reset or me flicking to get a frametrap out, but in which case... just hold block until you see me HFB then mash on that, its genuinely not impossible to just sit still and see what option I throw out and move accordingly, pot isnt gio or johnny who demands you act preemptively???",-8,2025-06-19 11:54:28
Incendas1,"Not everyone has good or even decent reactions. Could've just been misreading, it happens",8,2025-06-19 12:41:54
Dapper_Discount7869,"They were probably worried about a PRC, no?",7,2025-06-19 18:50:35
Solusai,"I had no meter to prc before the hfbs began, since the first hfb it was reactable and punishable as hell already, although with 50 meter its a valid concern",1,2025-06-20 08:56:13
Dapper_Discount7869,"I’d give them a pass the first time you did it, but the second is on them. Their defense clearly sucks.",1,2025-06-20 15:50:45
Solusai,"ehhh the problem isnt largely the i-no its the other people that believe what I did there was real and uncontestable

its primarily why I made the post in the first place because I wanted insight as to how many people really just let us get away with this kinda shit.

...turns out almost everyone unfortunately",0,2025-06-21 10:09:14
Dapper_Discount7869,"Most people are bad at this game. If you played fighting games mostly for the mechanics, would you really be on strive this season?",1,2025-06-21 15:28:45
BacGmen,You can pot buster after that,1,2025-06-21 21:17:47
G4laxy69,"""Surely they won't do it again""",5,2025-06-19 20:25:21
CheetahDog,Tower *is* my lab lol,70,2025-06-19 06:55:27
Solusai,ykw thats fair,15,2025-06-19 07:21:08
Jack_Stop,To be fair if they get touched once they’re dead… makes sense they’d be hella cautious.,131,2025-06-19 04:57:32
behemothtyphoon,"i mean this isnt being cautious, this is refusing to engage and hoping your opponent pushes themselves out, ive seen hundreds of people who play defense like this",44,2025-06-19 11:32:19
IntelligentImbicle,"They probably come from other fighting games, where successfully defending against your opponent will eventually lead to you having a turn.

I certainly have that issue in Strive. You have to know exactly how to get out of every character's pressure, or you're just in an infinite blockstring that will never end.",9,2025-06-19 18:04:10
Dapper_Discount7869,They didn’t even FD. This was just hoping your opponent has a heart attack,1,2025-06-19 18:49:17
SaIemKing,strivers when someone dares to think they shouldn't be punished for defending well,1,2025-06-19 15:45:21
Solusai,"holding block on a move where you can freely click 2k 2d four times does not constitute as defending well in my book

\- walter ""striver"" white",15,2025-06-19 15:49:10
Dapper_Discount7869,This ain’t good defense. Especially not in strive.,7,2025-06-19 18:49:33
SaIemKing,"I mean, yea they have to mash at some point, but it is defense. Dealing with constant resets and 50/50s and bot getting hit in the first place is pretty good. Potenkin shouldn't have pressure like that",-4,2025-06-19 19:07:05
Weekly_Education978,"they didn’t faultless a single time, and they exclusively tried to jump (but never airdash) out of pressure despite the pot obviously leaning into that and resetting off it. 

it’s not ‘you have to mash at some point’ it’s ’you need to play the game against the person you’re playing the game against at some point.’ 

or like. react. once the pot does 2S into hfb one time, you shouldn’t be falling for it anymore. it’s a gimmick to be thrown out once in a set of three to catch someone off guard, it’s mad reactable once it’s a known element in the match.",6,2025-06-19 19:30:10
SaIemKing,"&gt;or like. react. once the pot does 2S into hfb one time, you shouldn’t be falling for it anymore

to be clear, you're saying they have to mash at some point 
you're kinda wrong that you should just mash after 2S now but you get it",-5,2025-06-19 20:18:57
Weekly_Education978,"that’s literally not what i’m saying. i’m saying ‘If the person you are playing the video game against is doing the same thing on repeat, you need to do the thing that beats the thing they are currently doing.’ 

it’s not ‘Mash on 2S,’ anyway because you have 21 entire frames to react to point blank hfb like that. and they STILL didn’t fucking faultless man. 

pot *is* a little bit overtuned and *very* frustrating to fight right now, but it’s starting to feel like nobody bitching about this stuff is actually playing the video game, because this isn’t the stuff that’s making him ‘broken’",2,2025-06-19 20:40:31
SaIemKing,"if you think about it, you don't actually have 21 frames, but sure you have time to react to a whiff if you're watching for it

i wasn't bitching abt hpb specifically, that's on you


and i definitely don't play the game anymore, because they keep making poor decisions like current potemkin. im more of a guilty gear fan than a strive fan",0,2025-06-19 21:41:38
Weekly_Education978,‘hpb’ was a typo and you do know we’ve been talking about hfb right?,1,2025-06-19 23:47:56
behemothtyphoon,"they are not defending well, they are turtling. refusing to mash when your opponent keeps extending pressure is bad defense.",1,2025-06-20 13:15:48
SaIemKing,"Not taking back your turn isn't good, but stopping your opponent from opening you up is good defense. Their biggest is probably that they weren't using FD or pushblock to make it harder to stick to them. 


Either way this post is just needlessly mean and the current state if Pot is messed up and wrong. I hate to see a sore winner, especially a broken sore winner",1,2025-06-20 14:40:17
Berschko,?,1,2025-06-19 14:56:20
behemothtyphoon,"the pot kept extending pressure and the i-no did nothing to stop it, they just kept turtling and lost the game for it as they should because they were misplaying",1,2025-06-20 13:17:26
Dapper_Discount7869,They were too cautious though. RISC exists to punish this kind of defense.,2,2025-06-19 18:48:50
Solusai,hfb is minus a million at point blank they coulda 5p'd on reaction anytime they wanted 😭,-50,2025-06-19 06:06:32
GohTheGreat,They gave it super armor though,50,2025-06-19 08:00:31
Solusai,"https://preview.redd.it/bnlgsrnjcu7f1.png?width=370&amp;format=png&amp;auto=webp&amp;s=240476cdc54e08bd8a79971360ed8c29cb2440d0

21 whole fucking frames of recovery and the armor is only from frames 1-9 where you are still in hitstun

and you're telling me you're not going to 2k or 5p this?",-38,2025-06-19 08:03:32
GohTheGreat,With high risk I would be scared to press. I agree they should’ve mashed back but the idea that it’s SUPER punishable doesn’t really work in practice imo.,42,2025-06-19 08:04:40
Solusai,"ok so what we're just holding hfbs and letting the pot reset on us for free now and then complain about the character 

it doesnt matter if you're scared to press if you even take like 3 minutes to set this up in training mode and punish it with any of your fast buttons this shit goes from ""looks scary"" to ""oh lmao thanks free hkd"" 

that framedata alone tells you its super punishable, 21 frames of recovery and we're gonna be scared to punish that??? come on",-23,2025-06-19 08:08:38
I_cant_afford_pubg,Dude I'm always the advocate for hit the lab and learn but pot is fucked up right now and armor on the command grab is gonna make people scared THE FEAR FACTOR IS WHAT MAKES POT GOOD YOU FUCKING MELON,40,2025-06-19 09:32:12
Solusai,"""fear factor""

tends to go away once you realize its genuinely impossible to hit the armor on hfb after a reset

tends to go away once you realize that mashing on pot generally isnt a good idea because his reward off of ch cs makes the mentally weak die

tends to go away once you stop throwing random ballsack in neutral and start abusing pot's big and slowass when he's meterless 

I love when people complain about pot for the wrong reasons entirely, I dont disagree with you that pot is fucked up but maybe I could refer you to this website?

[https://www.dustloop.com/w/GGST/Potemkin](https://www.dustloop.com/w/GGST/Potemkin)",-5,2025-06-19 09:36:11
Solusai,"https://preview.redd.it/fli2uu4vfw7f1.png?width=217&amp;format=png&amp;auto=webp&amp;s=7bfde09772d58e0c14ebd5a0e231e81b519a4542

hello bro",3,2025-06-19 15:05:15
SaIemKing,bro doesn't even know how the game works and wants to act like he's not carried lmao,6,2025-06-19 15:46:58
Solusai,"unfortunately for you I take pride in the fact that my character can dumpster on low tier trash, it is however alot funnier knowing that you called me out for not knowing how the game works when simple reading comprehension and 5 minutes in dustloop should tell you otherwise

oh sorry I bet thats how you didnt expect me to talk let me simplify it for your striver brain ehem

glue glue glue, I dont know how to play active defense, glue glue, I hold block on fake pressure because I dont lab, glue glue.",0,2025-06-19 15:51:34
SaIemKing,"Nope, you still sound like a glue sniffing hog. Saying ""reading comprehension"" doesn't magically grant it to you",10,2025-06-19 15:53:25
Solusai,"lowkey if you wanna stay ignorant and lose to floor 8 pots thats fine with me I'll just hit you up when ranked rolls by I'd love to hit you with the same clip I hit on this i-no

in fact scrap that I'll do 10 hfbs and see how many of them you refuse to punish with a button

apparently numbers dont add up in your head and the concept of plus and negative frames dont really click but alas you cant fault a striver for being braindead now can we?",-2,2025-06-19 16:01:08
SaIemKing,"&gt;apparently numbers dont add up in your head and the concept of plus and negative frames dont really click but alas you cant fault a striver for being braindead now can we?

why are you projecting so hard? can you calm down man? i can hear you sweatily mashing pot buster through the screen",7,2025-06-19 16:10:32
hivEM1nd_,"Breaking news: Arrogant fuck playing top #1 tier SS+ character makes post calling out (and naming specifically) a person for not mashing on his armored move on the two (2) opportunities they had while a 3m tall man who can kill you in one hit was right up in their face

Seriously tho stop being an asshole, you won the match",50,2025-06-19 12:55:12
Solusai,"newsflash someone got hit by fakeass pressure, man makes post to wonder why people let us get away with fakeass pressure, finds out people are unwilling to lab &amp; learn, ends up with the conclusion that no matter where pot is in a tierlist people will shit their pants over him",-15,2025-06-19 13:09:47
hivEM1nd_,"Man you're calling people tourists and shit in these comments, just accept that you're an arrogant clown and move on",20,2025-06-19 13:12:00
TheMadZocker,He takes the role of a silly clown. In true Pot fashion.,2,2025-06-23 08:49:21
Riku8745,"None of this changes the fact that you're acting like a huge condescending asshole. It's a ""even if he's right, I don't want to agree with him because that shows him this kind of behavior is acceptable"".",8,2025-06-19 21:54:18
Solusai,"boy I do wonder why Im such a mean asshole when this community at large tells you to kys and then ignore you when you try to help, while also simultaneously calling your wins meaningless

I see saltposts about pot and only 20% of them are valid because the rest come from rabid animals who have to bank on yrc as their ""defense""",0,2025-06-20 08:58:00
R186mph,the community isn't a monolith. one bad interaction and/or dealing with pot hate due to the state of the game doesn't entitle you to being a dick. if you were gonna flame someone for holding back and nothing else against pot you could of at least blocked out their name but not only that you double down and play the victim card when confronted with how you've treated people for the entirety of the post.,5,2025-06-20 09:04:02
Solusai,"victim card??

I've been flagrantly proud of being the asshole here and openly mocking some people for having flatout wrong knowledge, my opinion of this community has just increasingly reduced the more I've been exposed to it, especially watching twitch tournament chats (seriously what the fuck are the takes on there????)

this community is absolutely a monolith as well because nobody bothers to learn and parrots the next wrong thing they hear, the only individuals you will find not bitching about this character and wishing his players death are his own players and the consistent professionals

save for leffen he's just wrong most of the time 


sadly being hit by PB makes human feel stupid so they hate the character how unfortunate for us pochumpkins aye",-2,2025-06-20 09:11:36
blaster271,"My brother in Strive, we get it. You won at a video game making your opponent think you were gonna go for a PB, but didn’t. Please stop being so arrogant. 

If you can just be pragmatic for a second, you can’t honestly expect everyone who plays fighting games to lab out every possible pressure string for every character they go up against, even those above level 100 for their own main. People learn how to approach matchups at their own pace, and that’s okay. Those within our community, both skilled, or beginner are going to vent out their frustrations over what feels like a literal “boss character” no matter what. People have done it against HC, Nago, and Goldlewis. Potemkin is no exception.

But since it appears you feel disappointed at people calling Potemkin unfair and/or toxic to fight, (or maybe pissed off that no one you go up against is posing an actual challenge) Why don’t you go ahead and create a fool-proof S4 and even a S5 counterplay guide. Fully flushed out with personal comments on the mindset of a Pot player explaining why they do XYZ and what to do against it. So at least the next time someone pops into your replies with “You’re carried”, you can just send them the link to the vid and say nothing more. 

As a Sin/Unika main, people talk shit here and there for just playing as them, but it’s mostly because they are unaware that the mix we have is all fake. At least for me, it costs nothing to tell them/show vids on how to overcome these characters, while also not coming off as condescending.",1,2025-06-21 05:14:23
Solusai,"as much as that would burn my time the strive community at large has just gotten so infuriating with their unwillingness to learn anything then proceeding to whine that your suggestion might actually just be how I end off this longass string of replies

Im not disappointed in people calling pot unfair or toxic to fight per se I've openly admitted on this very same subreddit that pot is some cancer, even on gg's main subreddit I've tried helping people out, but it is personally grating to see... essentially MOST of everyone point and shit their pants about me playing pot and then when I tell them what to do here and there they'll just respond with something blatantly wrong multiple times and flatout refuse to listen and argue with me on other times until I have to send them a clip of me labbing something for 5 seconds to prove them wrong

ironically for this subreddit Im pissed at beast blaming when everyone's running on autopilot because no wonder you're getting consistently dunked on by a character

anyhow I'll just compile a bunch of anti-pot resources and maybe post a fucking layer 1 counterplay for the dunderheads or something (I know I come off as condescending and lowkey I've just had enough of people being ignorant so soz if you're one of the better players who had to read all this shit)",0,2025-06-21 09:58:57
blaster271,"I can get around that. Hearing everyone around you parrot off the same talking points can get pretty frustrating. Especially when you’re openly trying to show them what they’re doing is wrong. At that point you’d just have to separate “The Beast Blamer” from “The Humble Learner” and realize that fighting games will forever have a bell curve when it comes to knowledge over your character. You can’t save everyone 😪

Making a well thought out counterplay video of your own will be doing the community a great service, and hyperlinking it during debates would actually be a pretty funny reply to give lol. And no need to apologize fam, you’re good. I only said what I said because for the most part, even though you’re passionate about trying to do the right thing, people won’t take you seriously if you come off that way :(

Over the years, I learned that having some compassion can take you a long way and help change someone’s mind. We all need to be patient with others is what I’m trying to say.",1,2025-06-21 12:58:16
WishAdditional6017,"To be fair

This has been happening since the beginning, even during his garbage days in the bottom of all 'Professional' tier lists

Being surprised that people shit their pants over Pot literally ever is kinda wack, cuz they were absolutely crying about him when he was garbo",-1,2025-06-19 14:21:15
Solusai,"the crying was generally limited to newer players and like lowkey its a valid struggle you cant expect newbies to like know counterplay right away but now its the entirety of strive and Im sitting here like

man they play like floor 8s sometimes highkey I'd agree with yall if the complaints were about meter gain or flick or something but... pb armor? armor in general? fokin pb prc? what are we doing 

then you find out they refused to lab anything ever since pot's inception and its just ""ah no wonder LOL""",-1,2025-06-19 14:57:05
WishAdditional6017,"The crying was definitely not, in my experience, limited to new players. If it were, I wouldn't have commented lol 

The crying is more validated now, ofc, but it's been happening since the beginning. Grappler's Curse: no one learns how to fight you, and instead just complain that they can't fight the same way and be super successful (then some, very few, learn and then realize they were complaining about nothing)",3,2025-06-19 15:31:15
Solusai,"I wasnt getting too many people crying once I hit floor 10 to celes in prior seasons I think it had more to do with the fact that people could just disrespect pot so often and get away with it because outside of meter he had to really work to enforce his pressure

at some point people were alot more nice because to some degree pot was one of the hardest working in strive with his unrealass optimals (just frame kbmf are you serious) so it wasnt AS egregious on my end

...now it is for the both of us and thats just miserable",2,2025-06-19 15:44:15
Scriftyy,"What? How is this even arrogant? HFB is fully punishable it doesn't matter if it has 1 hit of armor, you can literally grab that shit at anytime if you wanted. The way some of the people on this post comment is insane. It's like you guys don't even play the game.",-7,2025-06-19 19:20:02
TheMadZocker,"Isn't this sub all about blaming the beasts, and not the players?",1,2025-06-23 08:54:42
DemonKat777,"Maybe a grappler shouldn’t be able to have that much pressure, but that’s just me",69,2025-06-19 06:31:28
[deleted],most fake pressure known to mankind btw,22,2025-06-19 07:50:23
Solusai,"its takes like this that really tell me who's taken the time to lab and who hasnt

all of that is fake as fuck, all of it

hfb up close is literally one 2k 2d away from being punished to a hard knockdown

go lab the pot mu",0,2025-06-19 06:33:33
DemonKat777,"I just fucking hate pot, and I have since season 1",41,2025-06-19 06:37:01
Solusai,truly this character is the bane of fighting game tourists,-14,2025-06-19 06:39:13
brickyboi19,i don’t even care about pot at this point man just calling people tourists makes you look lame as fuck don’t do that,42,2025-06-19 10:03:30
Solusai,"you know what else is lame as fuck

whining and then telling someone ""i didnt bother looking into the counterplay""

or whining and then when someone tells you the counterplay you respond with something blatantly wrong that makes it obvious you didnt bother looking at the character for more than 30 seconds

whine if you find a character unfun go ahead I whine about slayer and may alot but the key difference is some people learn and pay attention so that their whining bears fruit

but instead they did not reflect on themselves and blamed the beasts

smell of the game's been warning us this whole time

https://preview.redd.it/t39yow9ezu7f1.png?width=640&amp;format=png&amp;auto=webp&amp;s=dc49a3814b0a62a9929d10577b9122282e1a1b9a",-17,2025-06-19 10:18:35
TeaandBagel,fluent in yapanese,9,2025-06-19 21:20:54
NerdyLittleFatKid,"Yeah, people like you are why I've never bothered to take a fighting game seriously, deeply unpleasant",9,2025-06-19 19:10:38
Solusai,long as you dont whine about the characters and play casually you're part of the casual fanbase with significantly more than half a braincell so good on you,1,2025-06-20 09:04:17
brickyboi19,https://i.redd.it/0bspssy5qz7f1.gif,1,2025-06-20 02:08:19
DemonKat777,"I’m not a tourist, I’m just not competitive. I don’t find his design fun to play against, it also doesn’t help that I play Anji. 50/50s, best health, insane damage, great combos, unnecessary disjoints, mobility (why?), armor (also why?)",34,2025-06-19 06:44:09
RealOkokz,"High health and damage have always been part of the grappler archetype. While Pot has mobility, it's very linear and commital, so if you call it out, it's easily punishable.  While I do agree that too many moves have armor rn, Pot has always had the gimmick of armor.",15,2025-06-19 07:17:22
pinyata_pie,"Ehhh but if anything isn’t a character keeping too similar to previous installment the issue when in a game with way less movement when every character is more committal (plus smaller screen, flick just being REALLY good rn, and longer pressure making risc do way more and buffing high dmg pressure characters)",3,2025-06-19 07:48:27
RealOkokz,"most of the legacy characters are very similar to the previous versions of them, including tools that became much stronger due to the changes in Strive, this isnt a Pot exclusive issue. Potemkins mobility options are only difficult to deal with at close range or if he manages to call you out. Hammerfall slows down over time, and Heat Tackle travels pretty slowly, ans extremely minus. Flick is very strong due to the Strive changes. Pot doesnt really have long pressure sequences. For example in the clip, their are options Ino had to get out at certain points.",3,2025-06-19 09:43:18
pinyata_pie,"I’m just saying just because a character has always had a gimmick doesn’t make it possibly overbearing in new games such as how they removed Slayer’s invincible specials or Dizzy’s double airdash or all of Elphelt/testament.

Smth like the armor on pots jetpack would be no issue in previous installments since they had way more mobility but because strive has much more limited air movement it becomes way better so even tho it’s slow as fuck the opponent can’t take as much advantage of it",1,2025-06-20 11:18:45
BOYLOVE_BRAZIL,"OK hold on let's not pretend Anji isn't an RPS bot with high health, high damage, good combos and armor as well",4,2025-06-19 13:09:15
Solusai,"\&gt;&gt; plays anji  
\&gt;&gt; complains about 50/50 and armor when anji has fuujin and spin

mfw

if pot is such an issue for you go lab for 5 minutes it genuinely takes such little time to learn layer 1 counterplay",10,2025-06-19 07:22:47
DemonKat777,"I’m not saying Anji is bad, but the mu is horrible",3,2025-06-19 14:11:18
ViperHQ,"Hey just wanna let you know hating a character (even if you play him which is the hard part I know) is perfectly reasonable, otherwise all the people playing Tekken would just be tourists lmao",5,2025-06-19 18:02:22
Solusai,"by all means Im a big may hater but what seperates haters from strivers is that haters lab 

strivers boot the game up with their brain already turned off and wonder ""why my character get armored everytime :(""",0,2025-06-20 09:05:43
DemonKat777,"Fuck no, labbing makes the game boring as fuck. I play this game because I want to enjoy it with my friends not because I want to spend four hours in my room mashing buttons. Floor 8 til the day I die",25,2025-06-19 06:36:33
WishAdditional6017,"Then you've locked yourself into a position where you're gonna struggle, and it's completely your choice. You'll have no one to blame for that struggle except yourself.

As long as you can recognize that, you'll be fine",4,2025-06-19 14:14:09
Dr_Pinestine,"Mankind knew they cannot change society.  
  
But instead of reflecting on themselves, they blamed the beasts.",2,2025-06-19 17:28:45
Tchubila06,No man I’m not learning how to play Pot just to lab for a fourth of the time it would take me to learn the Pot combo,25,2025-06-19 07:33:59
noah_the_boi29,Dawg I am the #1 pot hater and want him gutted next patch but even I see that you have like 30 frames to do anything but hold up back. No amount of pot nerfs will help you if your a victim to that shit,10,2025-06-19 08:11:11
Tchubila06,My brother when did I say that there was nothing you could do here,6,2025-06-19 08:47:53
user332734,"wowzers!

i don't even care that pot is a blatantly broken and poorly designed character in this instance.

you're just a giant douchebag, and you would still be a giant douchebag if you mained anybody else.",27,2025-06-19 14:26:30
Scriftyy,??? How tf are you in celestial and don't recongise how *minus* HFB is. Like I thought this was level 7 gameplay. Literally every character can fully punish that move. That shit was the fakest blockstring in the world. ,0,2025-06-19 19:16:49
Solusai,"thanks for pointing that out lieutenant duh, once you start to hear enough complaints about your character and mfs telling you your wins are meaningless you typically get sick of people who cant be asked to lab one interaction even after you hand out your knowledge of the MU

once again thank you lieutenant duh for the information we'll report it back to president gabriel and log this in the mission files, for your troubles, heres an upvote",-12,2025-06-19 14:45:00
SneerOfCommand,"You're 100% right that a level 2000 celestial I-No should be reacting faster *if they were playing seriously*.  But that doesn't change that you're being super abrasive.

How do you know they weren't chatting with friends and basically using Strive as a background activity? How do you know they didn't hand the controller to their dipshit brother?  How do you know the I-No hadn't had a few beers?

In principle I agree with you, you're technically correct, but you're being super abrasive to people about it and just yelling ""go to the lab"" as if most of us have either a sparring partner or the skill to set up some kind of auto-input scenario on a character we don't play.  Most people are not *that* competitive.  Most people, probably even in Celestial, just enjoy dicking around and aren't *trying* for the kind of play you can only get in the lab.

And like, the clip is bad or whatever, but I also totally understand the I-No being like ""surely he won't hfb *again*, he's going to pot buster me, I should jump to avoid that"" and then feeling like an idiot when you hfb'd for a third time and they were operating off of a plan and not off of reaction.  Not worth getting *this* worked up over.",1,2025-06-20 19:16:03
Solusai,"not necessarily mad at the clip, Im mad at the general community's reactions and refusal to learn anything 

the clip is tame I can understand having strive on as a background activity or just shitting around and guessing wrong I've gotten fucking demolished by a slayer once just frametrap pilebunkering me because I had my brain off

but for the replies to be so clearly ignorant, cry about the wrong broken things on pot and then show extreme refusal to learn for like 5 minutes 

dude.

I'd be so 'whatever' over the complaints if everyone just had the right thing to say but knowing the community at large despises you only because they cant be asked to lab something for 30 seconds really drives me nuts especially since its been the case for most of season 4 by this point

NOT the victim here because clearly I've mocked a shitton of people in this comment section out of pure pettiness and spite but like someone's gotta tell some people to rip their bandaid off before they can actually complain about a character Im willing to engage in respectful discussion if people arent going to just flatout show me they didnt even take 30 seconds to look into something while saying my character is broken for all the wrong reasons and that my wins are carried

sounds like they're just bad 

anywho Im mostly over the initial wave of pettiness that washed over me upon posting this it appears that engaging with the community at large was a colossal mistake so its all self inflicted, soz for the trouble and for having to read through most of that cesspool of a reply thread",0,2025-06-21 10:06:18
CookieMiester,Just letting yall know that she got hit for 90% of her hp bc she guessed wrong once. Lets keep that in mind when judging her mkay?,34,2025-06-19 12:17:04
IndieVamp,"Tbf, her risc gauge was completely maxed. Early engagement would be less risky",5,2025-06-19 12:48:14
BOYLOVE_BRAZIL,Yeah and that's fair unironically. They didn't FD or challenge any of the pressure. Almost every character in the game can do this,3,2025-06-19 13:10:54
Dapper_Discount7869,Full RISC will do that to ya,1,2025-06-19 18:51:29
Scriftyy,Full risc in a high damage game like Strive. ,1,2025-06-19 19:21:57
Solusai,"letting you know that theres people out there who whine about pot and let us do fake shit like this then cry about the character for entirely the wrong reasons

the i-no may have been scared so her reactions were off but seeing all the replies to this singular post really gives you insight to how unwilling people are to learn anything against pot so alot of opinions and outcry against this character are just moot 

(he's broken ofcourse but the community isnt looking at whats broken and psyopping themselves into looking at something else because apparently surface level observation is a rare skill in strive)",-4,2025-06-19 13:12:57
GjallerhornEnjoyer,The fact that you’re correct and I was still inclined to disagree because it’s pot really speaks to his dogshit balance rn😭,9,2025-06-19 15:46:35
Solusai,"you are by all means welcome to disagree I am not going to argue with you that this character is satan in a soldier's uniform but I GREATLY appreciate you for having reading comprehension and basic understanding of strive and fighting games in general, do know that we pots will stand and take our nerfs with grace and adapt to work hard like everyone else again, and that we greatly thank you for being unignorant

may you never match up into a pot for the rest of this season's patch you blessed soul",1,2025-06-19 15:55:03
GjallerhornEnjoyer,Ty lol,1,2025-06-19 16:20:21
Several_Leg6637,you beat someone in a fighting then posted it online to brag while advising your opponent. this entire post is so sad and cringe. striver coded social interaction,14,2025-06-19 16:49:22
Solusai,"no I just about knew the amount of interaction this'd get on this subreddit specifically so I made it for my own amusement seeing as my last posts about pot have been basically bombarded lmfao

anywho sorry if you feel offended maybe its time to hear the magic words

ready?

hit the lab!",2,2025-06-19 16:52:06
Several_Leg6637,"nah, you can sit alone in the lab striver. i got friends to play with lmao",8,2025-06-19 16:57:07
ZyxDragon2,"I mean sure the ino could have done anything but upback to get out of this, but really why the hell did you gain so much meter for what you did",6,2025-06-19 15:28:33
Solusai,"THATS WHAT I'VE BEEN FUCKING SAYING FOREVER FINALLY SOMEONE GETS IT

THE BROKEN THING WAS NOT THE HFB PRESSURE RESETS, THE BROKEN THING WAS NOT THE DAMAGE I WAS DOING ON RISC, BUT THE BROKEN THING IS OUR M E T E R G A I N

but seriously they still largely do deserve the L after letting a pot hfb reset on their face 4 times, thats not to discredit pot's strength though I firmly believe I am to a degree carried 

but no mf who doesnt lab and learn will tell me and get away with it, this whole interaction couldve been turned on my ass and I wouldve lost if they had just 2k'd at any of my hfbs",3,2025-06-19 15:46:45
Wrydfell,"Not _just_ our meter gain imo. Garuda needs to be a strike again, the slidehead guard crush pendulum must swing again because why is it plus on block at fullscreen (ik it's really reactable but not my point) and maybe removing armour from kara buster specifically? Roundstart is kinda fucked because of it (though that's partially because gods forbid a strive player plays safe against a grappler)",4,2025-06-19 16:44:14
ZyxDragon2,Is 2h(air block) hfb fake? I remember that 2h(air block) fukyo forward was Uber+ on nago. Maybe not enough to cs on pot though,1,2025-06-19 15:51:43
Solusai,Im pretty sure that at the range I did it in the clip it was real (I dont think enough for a cS but maybe a 5p) but at further ranges that shit might be fake,1,2025-06-19 15:58:55
Think-Elevator915,"ur not wrong, but im sure you play defense horribly sometimes too idk if it's worth a reddit post dawg",6,2025-06-19 20:39:39
Solusai,"thing is I do but the difference is I lab the shit

common plight of the strive or any fg community is that they will cry and not learn afterwards

I salt too granted I like fucking hate may but Im getting visibly better at the MU or I make the effort atleast

some mfs will just incessantly threaten you and then refuse to listen when you try and tell them how they fucked up",2,2025-06-20 08:55:23
SaltyKoopa,"This is why replay takeover needs to be standard. Most people could solve this in like two minutes, but literally only like 1% could be arsed enough to set it up.",10,2025-06-19 14:04:05
Solusai,fucking real,-2,2025-06-19 14:45:19
Yeetus_001,Can't wait for them to nerf pot so I can have fun playing him again. So fucking boring in his current state literally haven't opened the game since dizzy was added,5,2025-06-19 16:10:31
Solusai,"dont even think of hopping on pot right now too you'll get an angry mob wanting your crucifixion

but alas I've been playing since early season 2 when pot was borderline dysfunctional so Im just enjoying shitting all over people for a change and seeing what reasons they'll come up to whine with when the problem is staring right at them (meter)",1,2025-06-19 16:14:32
Yeetus_001,Season 1 and season 3 pot was peak currently he's complete abysmal dogshit. I actually liked it in season 2 because it forced me to get better to overcome his enshittification. That's when most of my growth as a player started.,1,2025-06-19 16:19:57
Lucky_-1y,Guilty Gear players when the game that has a lot of offense knowledge checks does IN FACT have a lot of offense knowledge checks,5,2025-06-19 19:18:26
IWasOnceIisan,"I agree that they should lab the mu, but OP seems like a Pot downplayer, so YTA",5,2025-06-20 04:20:36
Solusai,"downplaying pot is my passion

our hfb armor and pb armor are what makes us broken!

you can just ignore our egregious meter gain, totally not the broken thing about pot which I've discussed repeatedly in this thread. totally. hell, we need a meter gain buff actually.",0,2025-06-20 09:01:12
Taervon,"Potemkin should always have positive bonus, it's clearly the thing he needs to be viable.",1,2025-06-20 21:52:54
Solusai,"sigh true how unfortunate for us potmains to always be so meter starved

its as if we dont build insane amounts by just... I dont know, walking forward, amirite?",1,2025-06-21 09:49:21
IC4nSh00t,"I would like to throw the argument in the ring that going to the lab for this specific circumstance is slightly pointless, not only is it both boring to learn but also what if you changed your plan once you get punished for that. Which then just becomes a I don’t play against this character often kinda beat.",10,2025-06-19 09:07:28
Solusai,"pointless?

you mean stopping pots from getting fake HFB pressure resets on you is pointless?

if you punished me for doing that you've effectively made me see ""ok this one knows that this is fake I wont do this anymore"" which is huge for something like a pressure reset 

there is no measure of pointless labbing against pot this character will punish you for mistakes and if you gon be ignorant we gon win regardless of if we're top 1 or pottom 1",10,2025-06-19 09:09:35
Deus_Artifex,The strat is to dodge every pot till he gets gutted and nobody plays him,2,2025-06-19 15:04:01
Armejden,I got FB tricked,5,2025-06-19 03:33:17
No-Mammoth-7693,It’s not a lab issue it’s an ino issue it’s in their blood to upback and never fd,6,2025-06-19 06:59:37
The_Mask137,Sometimes it’s just hard to see the opening,3,2025-06-19 16:41:56
megaman58490,pot player.,3,2025-06-19 17:12:43
Solusai,"thats me hello

https://i.redd.it/bowb1m9qs18f1.gif",1,2025-06-20 09:06:16
DeadAndBuried23,"I don't even play this game, but is this thread seriously someone whining that they aren't losing? 

&gt;Guys I'm seriously terrible at this game, no one should be beating me on this character.",3,2025-06-20 03:14:15
Solusai,"more like calling out voluntary ignorance

some people shouldnt be playing fighting games",-1,2025-06-20 08:59:42
AkudamaEXE,Bruh you bacially TOD a low health character. Shut up and take your dingus coins.,3,2025-06-20 04:44:44
Solusai,mind if I donate the dingus coins to everyone who allows this kind of thing to happen to them? I already have enough dingus coins from all the glue I chug,0,2025-06-20 09:01:52
TheyBlamedTheBeasts-ModTeam,"This post or comment is bigoted in some way (homophobia, transphobia, etc).

You are a bad person, this will be taken down.",2,2025-06-19 16:33:38
Solusai,"uhhh sorry I didnt understand what you said there wasnt enough salt in your post

could you maybe put a little bit more seasoning and glue?????? 

I couldnt hear you over my aRmOrEd hfb that people whine about (lets ignore meter gain and the clip of the i-no getting ran over by fake pressure like 80% of pot complainers do because you're allergic to training mode)",-1,2025-06-19 13:24:27
Rank79,You’re 100% right. But you gotta remember the social climate right now. Nobody wants to hear “hit the lab” from a Pot player especially here of all places. One day though the Strive community will be strong enough to accept the truth.,3,2025-06-19 15:59:54
Solusai,"I appreciate you man you a real slime

unfortunately I dont think the strivers will ever be okay with potemkin and lowkey? thats slowly becoming fine with me atp 

ever since I started getting told to kms post sets its been a matter of understanding that people just really dont want to invest time into this game to understand it better and instead whine like no tomorrow because they cant run their ""monitor-off"" gameplan

may you never match up into a pot this season for being such an honest person",3,2025-06-19 16:06:47
Rank79,"No problem dude. Sorry you have to go through that. I hope experiences like those don’t ruin the game for you. 

I think every fighting game player eventually comes to have a realization either about themself or the game they’re playing. For me that realization was that game devs and players see the game differently, and as a player I should respect the devs vision. Maybe a realization for you is that there are people who are uninformed and people who choose to stay uninformed. 

Sorry for yapping at the end there. Hope you have a blessed day.",1,2025-06-19 18:23:50
largepancake2,what's the answer?,1,2025-06-20 00:12:59
Solusai,"2k 2d woulda ended my turn instantly and instantly put me in i-no blender, Im p sure 6p also wouldve worked but idk if i-no can route into an hkd from that, but she probably could (?)",1,2025-06-20 08:58:53
largepancake2,alright thank you,1,2025-06-21 20:02:32
totti173314,"fun fact. HCL is a projectile, so pot can reflect it. This has no relation to the clip but if any I-no players are watching, be aware.",1,2025-06-20 07:22:32
Solusai,"^^ ontop of this pot flick really filters out any of i-no's air approach so you have to play very patiently and wait for pot to preemptive flick then catch that with stroke, you lowprofile it",1,2025-06-20 09:02:50
[deleted],Idk wth hfb is and why everyone is saying it’s the counterable bit but there’s no reason you should’ve been able to get a touch of death off of all that,1,2025-06-20 21:48:22
Solusai,"2 reasons that the tod was fair and they all fall under guilty gear's design philosophy, the very SAME philosophy that would've allowed any shmuck to ToD with any character off of that many fake interactions",1,2025-06-21 09:51:00
boopbop223,"i don’t play guilty gear, why did this character just do that much damage.  am i missing something",1,2025-06-21 08:32:01
Solusai,"in gg the longer you hold a blockstring the more damage you'll take in the next interaction

they held a fake blockstring for too long against a grappler

and guilty gear is very well known for being a ""low damage"" game",1,2025-06-21 09:48:39
boopbop223,"ohhh okay, thanks",1,2025-06-21 09:50:04
BacGmen,Bro you are dumb after HFB cancel you can just pot buster and there is no punishing that why did you think Ino jumper you are playing a godlike broken character and still dont know shit,1,2025-06-21 21:22:51
MainOrdina667,carried as usual,1,2025-06-22 00:01:10
fishfashfood,Why are you so angry about a celestial player missing 1 knowledge check 😭,1,2025-06-22 18:08:29
Alternative-Car2092,I haven’t played since early rev wtf was that slide lmao,1,2025-06-24 03:07:53
GjallerhornEnjoyer,"https://preview.redd.it/gqq10mxuulof1.jpeg?width=828&amp;format=pjpg&amp;auto=webp&amp;s=e3be78c527e2f4919787e18c0b74afbcbfe1b293

You won the match as the most broken character in the game then dragged the person that lost without even having the courtesy of censoring their name. Get real lmao.",1,2025-09-11 21:40:56
No_Piano_9195,2k or 6P,1,2025-06-19 05:06:02
[deleted],what,0,2025-06-19 07:49:38
Wrydfell,"I-no's options for hfb. It's 21 frames of recovery, and only armoured to frame 9. By the time they were out of blockstun, 2k&gt;2d or 6p would have won and pot's turn is over",2,2025-06-19 16:37:31
AXEMANaustin,Pot looks pretty fun to play.,1,2025-06-19 14:18:10
Solusai,"dont even you'll get people yelling in your ear all the time

I mean lowkey if you can seperate ignorant takes from real ones to accept that pot is broken and we're carried then by all means but dont let the masses trick you into thinking pots top 1, at absolute best we are top 4 right behind leo, sin and johnny

feel no guilt for stomping the uninformed soldier 🫡",1,2025-06-19 14:53:55
